{
  "model_health": {
    "llm": {
      "status": "active",
      "last_seen": 1750446856.5005233
    },
    "xgboost": {
      "status": "active",
      "last_seen": 1750446856.2627134
    },
    "hmm": {
      "status": "stopped",
      "last_seen": 1750446856.6041236
    },
    "lstm": {
      "status": "active",
      "last_seen": 1750446856.132517
    },
    "random_forest": {
      "status": "active",
      "last_seen": 1750446856.3788269
    }
  },
  "active_requests": [],
  "completed_requests": [
    {
      "request_id": "cd56e7c5-ba6b-40df-a7aa-83b82fbbe0c6",
      "created_at": 1750446736.5356433,
      "timeout": 20.0,
      "expected_models": [
        "llm",
        "xgboost",
        "hmm",
        "lstm",
        "random_forest"
      ],
      "completed_at": 1750446753.4000692,
      "consensus_result": {
        "consensus_state": {
          "holding_registers": {
            "0": 0,
            "1": 0,
            "2": 0,
            "3": 0,
            "4": 0,
            "5": 0,
            "6": 0,
            "7": 0,
            "8": 0,
            "9": 0,
            "10": 0,
            "11": 0,
            "12": 0,
            "13": 0,
            "14": 0,
            "15": 0,
            "16": 0,
            "17": 0,
            "18": 0,
            "19": 0,
            "20": 0,
            "21": 0,
            "22": 0,
            "23": 0,
            "24": 0,
            "25": 0,
            "26": 0,
            "27": 0,
            "28": 0,
            "29": 0,
            "30": 0,
            "31": 0,
            "32": 0,
            "33": 0,
            "34": 0,
            "35": 0,
            "36": 0,
            "37": 0,
            "38": 0
          },
          "coils": {
            "0": 0,
            "1": 0,
            "2": 0,
            "3": 0,
            "4": 0,
            "5": 0,
            "6": 0,
            "7": 0,
            "8": 0,
            "9": 0,
            "10": 0,
            "11": 0,
            "12": 0,
            "13": 0,
            "14": 0,
            "15": 0,
            "16": 0,
            "17": 0,
            "18": 0
          }
        },
        "agreement_score": 1.0,
        "participating_models": [
          "random_forest",
          "xgboost",
          "hmm",
          "lstm",
          "llm"
        ],
        "weights_used": {
          "random_forest": 0.15515515515515516,
          "xgboost": 0.24324324324324323,
          "hmm": 0.13713713713713716,
          "lstm": 0.22022022022022023,
          "llm": 0.24424424424424424
        },
        "method": "weighted_majority"
      }
    },
    {
      "request_id": "b9543e76-cc4a-483f-a131-c76ee480fad7",
      "created_at": 1750446762.6964471,
      "timeout": 20.0,
      "expected_models": [
        "llm",
        "xgboost",
        "hmm",
        "lstm",
        "random_forest"
      ],
      "completed_at": 1750446781.7954354,
      "consensus_result": {
        "consensus_state": {
          "holding_registers": {
            "0": 0,
            "1": 0,
            "2": 0,
            "3": 0,
            "4": 0,
            "5": 0,
            "6": 0,
            "7": 0,
            "8": 0,
            "9": 0,
            "10": 0,
            "11": 0,
            "12": 0,
            "13": 0,
            "14": 0,
            "15": 0,
            "16": 0,
            "17": 0,
            "18": 0,
            "19": 0,
            "20": 0,
            "21": 0,
            "22": 0,
            "23": 0,
            "24": 0,
            "25": 0,
            "26": 0,
            "27": 0,
            "28": 0,
            "29": 0,
            "30": 0,
            "31": 0,
            "32": 0,
            "33": 0,
            "34": 0,
            "35": 0,
            "36": 0,
            "37": 0,
            "38": 0
          },
          "coils": {
            "0": 0,
            "1": 0,
            "2": 0,
            "3": 0,
            "4": 0,
            "5": 0,
            "6": 0,
            "7": 0,
            "8": 0,
            "9": 0,
            "10": 0,
            "11": 0,
            "12": 0,
            "13": 0,
            "14": 0,
            "15": 0,
            "16": 0,
            "17": 0,
            "18": 0
          }
        },
        "agreement_score": 1.0,
        "participating_models": [
          "xgboost",
          "random_forest",
          "lstm",
          "llm"
        ],
        "weights_used": {
          "xgboost": 0.2819025522041763,
          "random_forest": 0.17981438515081208,
          "lstm": 0.2552204176334107,
          "llm": 0.28306264501160094
        },
        "method": "weighted_majority"
      }
    },
    {
      "request_id": "06acc74d-11c2-4a0d-a5c5-7cb60b3f61e7",
      "created_at": 1750446790.3969536,
      "timeout": 20.0,
      "expected_models": [
        "llm",
        "xgboost",
        "hmm",
        "lstm",
        "random_forest"
      ],
      "completed_at": 1750446806.5052378,
      "consensus_result": {
        "consensus_state": {
          "holding_registers": {
            "0": 0,
            "1": 0,
            "2": 0,
            "3": 0,
            "4": 0,
            "5": 0,
            "6": 0,
            "7": 0,
            "8": 0,
            "9": 0,
            "10": 0,
            "11": 0,
            "12": 0,
            "13": 0,
            "14": 0,
            "15": 0,
            "16": 0,
            "17": 0,
            "18": 0,
            "19": 0,
            "20": 0,
            "21": 0,
            "22": 0,
            "23": 0,
            "24": 0,
            "25": 0,
            "26": 0,
            "27": 0,
            "28": 0,
            "29": 0,
            "30": 0,
            "31": 0,
            "32": 0,
            "33": 0,
            "34": 0,
            "35": 0,
            "36": 0,
            "37": 0,
            "38": 0
          },
          "coils": {
            "0": 0,
            "1": 0,
            "2": 0,
            "3": 0,
            "4": 0,
            "5": 0,
            "6": 0,
            "7": 0,
            "8": 0,
            "9": 0,
            "10": 0,
            "11": 0,
            "12": 0,
            "13": 0,
            "14": 0,
            "15": 0,
            "16": 0,
            "17": 0,
            "18": 0
          }
        },
        "agreement_score": 1.0,
        "participating_models": [
          "xgboost",
          "hmm",
          "random_forest",
          "lstm",
          "llm"
        ],
        "weights_used": {
          "xgboost": 0.24324324324324323,
          "hmm": 0.13713713713713716,
          "random_forest": 0.15515515515515516,
          "lstm": 0.22022022022022023,
          "llm": 0.24424424424424424
        },
        "method": "weighted_majority"
      }
    },
    {
      "request_id": "d7777cd9-a28f-4b59-9312-6cb0f707dc7e",
      "created_at": 1750446814.7708445,
      "timeout": 20.0,
      "expected_models": [
        "llm",
        "xgboost",
        "hmm",
        "lstm",
        "random_forest"
      ],
      "completed_at": 1750446831.10492,
      "consensus_result": {
        "consensus_state": {
          "holding_registers": {
            "0": 0,
            "1": 0,
            "2": 0,
            "3": 0,
            "4": 0,
            "5": 0,
            "6": 0,
            "7": 0,
            "8": 0,
            "9": 0,
            "10": 0,
            "11": 0,
            "12": 0,
            "13": 0,
            "14": 0,
            "15": 0,
            "16": 0,
            "17": 0,
            "18": 0,
            "19": 0,
            "20": 0,
            "21": 0,
            "22": 0,
            "23": 0,
            "24": 0,
            "25": 0,
            "26": 0,
            "27": 0,
            "28": 0,
            "29": 0,
            "30": 0,
            "31": 0,
            "32": 0,
            "33": 0,
            "34": 0,
            "35": 0,
            "36": 0,
            "37": 0,
            "38": 0
          },